Page URL,Page Title,ILR,Raw ILR,Unique Pageviews,Crawl Depth,HTTP Status Code,"Page (HTML) Load Time, sec",Schema.org (Microdata),Schema.org (JSON-LD),Open Graph,Twitter Cards,Microformats,Canonicalization,In sitemap,Incoming Internal Links,Outgoing Internal Links,Outgoing External Links,AMP link,Hreflang Links,Hreflang Issues,JS and CSS Number,"JS and CSS Size, KB",Issues,Description,Blocked AI search bots
https://escortserviceudaipur.com/,Premium Escort Services in Udaipur - Call Girls Udaipur ₹2999,100,0.03802306366141957,n/a,0,200,0.023,0,1,1,1,0,Self-canonical,0,24,18,9,0,-,-,11,246,10,"book call girls udaipur & udaipur escorts from ₹2999. premium escort services, 24x7 escort service in udaipur with cash on delivery, whatsapp booking.",
https://escortserviceudaipur.com/about,About Escort Service Udaipur - Trusted Agency - Escort Service Udaipur,67,0.037733377941600664,n/a,1,200,0.389,0,0,1,1,0,Self-canonical,1,23,15,4,0,-,-,11,246,4,"escort service udaipur shares verified adult companion standards, privacy-first support and local expertise for safe premium bookings.",
https://escortserviceudaipur.com/blog,Escort Service Udaipur Blog - Safety and Booking Tips - Escort Service Udaipur,89,0.03799641664791219,n/a,1,200,0.469,0,0,1,1,0,Self-canonical,1,23,22,4,0,-,-,11,246,6,"escort service udaipur blog covers discreet booking tips, verified companion guidance, local insights and adult privacy advice.",
https://escortserviceudaipur.com/blog/best-escort-service-udaipur-what-to-expect,Best Escort Service in Udaipur: What to Expect - Escort Service Udaipur,22,0.02176924070433347,n/a,2,200,0.346,0,1,1,1,0,Self-canonical,1,3,17,4,0,-,-,11,246,5,"discover what makes for a top-tier premium escort service in udaipur. explore companion selection, booking details, and privacy guidelines.",
https://escortserviceudaipur.com/blog/choosing-ideal-call-girl-udaipur-guide,Choosing Your Ideal Call Girl in Udaipur - Escort Service Udaipur,44,0.02245894111120798,n/a,1,200,0.04,0,1,1,1,0,Self-canonical,1,4,17,4,0,-,-,11,246,5,navigate the vibrant world of udaipur call girls with our expert tips. find an escort who truly complements your desires for an unforgettable companionship experience.,
https://escortserviceudaipur.com/blog/dating-etiquette-tips-booking-escort-udaipur,Dating Etiquette: Booking an Escort in Udaipur - Escort Service Udaipur,11,0.021053517672825383,n/a,2,200,0.502,0,1,1,1,0,Self-canonical,1,2,17,4,0,-,-,11,246,5,"a complete guide on dating etiquette, boundaries, and communication tips for first-time escort clients in udaipur.",
https://escortserviceudaipur.com/blog/discretion-privacy-elite-escort-service-udaipur,Discretion & Privacy: Escort Service Udaipur - Escort Service Udaipur,11,0.021053517672825383,n/a,2,200,0.445,0,1,1,1,0,Self-canonical,1,2,17,4,0,-,-,11,246,5,understand the strict data confidentiality and secure booking rules practiced by elite escort agencies in udaipur.,
https://escortserviceudaipur.com/blog/gentlemans-guide-booking-premium-udaipur-call-girls,Book Premium Udaipur Call Girls Safely - Escort Service Udaipur,22,0.02176924070433347,n/a,2,200,0.374,0,1,1,1,0,Self-canonical,1,3,17,4,0,-,-,11,246,5,"learn safe booking practices for high-end call girls in udaipur. avoid scams, identify verified profiles, and ensure a memorable adult date.",
https://escortserviceudaipur.com/blog/incall-vs-outcall-escort-services-udaipur,Incall vs Outcall Escort Services in Udaipur - Escort Service Udaipur,44,0.02245894111120798,n/a,1,200,0.016,0,1,1,1,0,Self-canonical,1,4,17,4,0,-,-,11,246,5,understand the differences between incall and outcall escort services in udaipur. we break down the benefits of each to help you decide which call girl experience is right for you.,
https://escortserviceudaipur.com/blog/luxury-experiences-vip-escort-udaipur,Top 5 VIP Escort Experiences in Udaipur - Escort Service Udaipur,33,0.021787298720544558,n/a,2,200,0.478,0,1,1,1,0,Self-canonical,1,3,17,4,0,-,-,11,246,5,elevate your trip to udaipur with these 5 premium lifestyle experiences shared with a top-rated vip escort.,
https://escortserviceudaipur.com/blog/maximizing-escort-experience-udaipur-call-girls,Maximizing Your Escort Experience in Udaipur - Escort Service Udaipur,56,0.02247699912741907,n/a,1,200,0.429,0,1,1,1,0,Self-canonical,1,4,17,4,0,-,-,11,246,5,learn the art of respectful communication and proper etiquette to ensure a delightful and memorable time with your chosen udaipur call girl.,
https://escortserviceudaipur.com/blog/why-choosing-independent-escorts-udaipur-experience,Independent Escorts in Udaipur: Best Experience - Escort Service Udaipur,33,0.021787298720544558,n/a,2,200,0.475,0,1,1,1,0,Self-canonical,1,3,17,4,0,-,-,11,246,5,"explore the unique benefits of booking independent escorts in udaipur, focusing on personalization, direct communication, and premium dates.",
https://escortserviceudaipur.com/contact,Contact Escort Service Udaipur - WhatsApp Booking +91-8000253680 - Escort Service Udaipur,67,0.037733377941600664,n/a,1,200,0.399,0,0,1,1,0,Self-canonical,1,23,15,4,0,-,-,11,246,6,"contact escort service udaipur via whatsapp +91-8000253680 for instant booking. 24x7 support, cash on delivery, discreet booking for vip & premium call girls.",
https://escortserviceudaipur.com/enhancements,Premium Escort Enhancements Udaipur - Luxury Companionship Experiences - Escort Service Udaipur,78,0.03778195098499461,n/a,1,200,0.402,0,0,1,1,0,Self-canonical,1,23,15,5,0,-,-,11,246,6,"enhance your udaipur escort experience with premium services including couples companionship, travel escorts, party companions & custom experiences. book luxury enhancements now.",
https://escortserviceudaipur.com/escort-service-in-udaipur,Escort Service in Udaipur - Local Call Girls Available 24x7 from ₹2999 - Escort Service Udaipur,67,0.037733377941600664,n/a,1,200,0.419,0,0,1,1,0,Self-canonical,1,23,15,4,0,-,-,11,246,7,"escort service in udaipur connects you with local call girls available 24x7 from ₹2999. premium, vip, russian & independent escorts across all udaipur locations.",
https://escortserviceudaipur.com/escorts/housewife,"Housewife Escorts Udaipur - Mature Discreet Call Girls from ₹4,000 - Escort Service Udaipur",78,0.03778195098499461,n/a,1,200,0.526,0,0,1,1,0,Self-canonical,1,23,15,5,0,-,-,11,246,7,"housewife escorts udaipur offer mature, discreet companionship from ₹4,000. experienced housewife call girls providing genuine connection & privacy.",
https://escortserviceudaipur.com/escorts/independent,"Independent Escorts Udaipur - Direct Booking Call Girls from ₹3,000 - Escort Service Udaipur",78,0.03778195098499461,n/a,1,200,0.43,0,0,1,1,0,Self-canonical,1,23,15,5,0,-,-,11,246,7,"independent escorts udaipur offering direct bookings from ₹3,000. verified independent call girls with flexible services & personalized companionship.",
https://escortserviceudaipur.com/escorts/model,"Model Escorts Udaipur - Fashion Model Call Girls from ₹8,000 - Escort Service Udaipur",78,0.03778195098499461,n/a,1,200,0.561,0,0,1,1,0,Self-canonical,1,23,15,5,0,-,-,11,246,7,"model escorts udaipur featuring stunning fashion models & pageant winners from ₹8,000. professional model call girls for events & companionship. book now.",
https://escortserviceudaipur.com/escorts/russian,"Russian Escorts Udaipur - Premium Russian Call Girls from ₹15,000 - Escort Service Udaipur",78,0.03778195098499461,n/a,1,200,0.485,0,0,1,1,0,Self-canonical,1,23,15,5,0,-,-,11,246,7,"russian escorts udaipur offer exotic beauty & sophistication from ₹15,000. verified russian call girls available 24x7. book premium russian companionship now.",
https://escortserviceudaipur.com/escorts/vip,"VIP Escorts Udaipur - Luxury High-Class Call Girls from ₹10,000 - Escort Service Udaipur",78,0.03778195098499461,n/a,1,200,0.421,0,0,1,1,0,Self-canonical,1,23,15,5,0,-,-,11,246,7,"vip escorts udaipur provide luxury high-class companionship from ₹10,000. elite vip call girls for corporate events, travel & private meetings. book 24x7.",
https://escortserviceudaipur.com/gallery,Udaipur Escorts Gallery - Verified Call Girls Profiles with Real Photos - Escort Service Udaipur,67,0.037733377941600664,n/a,1,200,0.506,0,0,1,1,0,Self-canonical,1,23,15,4,0,-,-,11,246,6,"browse udaipur escorts gallery featuring 100% verified call girls profiles with real photos. vip, russian, model, independent & housewife escorts available 24x7.",
https://escortserviceudaipur.com/llms.txt,,-,-,n/a,0,200,0.104,0,0,0,0,0,-,0,0,-,-,0,-,-,-,-,0,-,
https://escortserviceudaipur.com/privacy-policy,Privacy Policy - Escort Service Udaipur - Escort Service Udaipur,67,0.037733377941600664,n/a,1,200,0.418,0,0,1,1,0,Self-canonical,1,23,15,4,0,-,-,11,246,4,"privacy policy for escort service udaipur explains data handling, private booking communication and user confidentiality standards.",
https://escortserviceudaipur.com/robots.txt,,-,-,n/a,0,200,0.028,0,0,0,0,0,-,0,0,-,-,0,-,-,-,-,0,-,n/a
https://escortserviceudaipur.com/services,"Escort Services in Udaipur - VIP, Russian, Model Call Girls from ₹2999 - Escort Service Udaipur",78,0.03778195098499461,n/a,1,200,0.59,0,0,1,1,0,Self-canonical,1,23,15,5,0,-,-,11,246,7,"escort services in udaipur offering vip, russian, model, independent & housewife call girls from ₹2999. 24x7 service, cash on delivery, whatsapp booking available.",
https://escortserviceudaipur.com/sitemap.xml,,-,-,n/a,0,200,0.113,0,0,0,0,0,-,0,0,-,-,0,-,-,-,-,5,-,
https://escortserviceudaipur.com/terms-of-service,Terms of Service - Escort Service Udaipur - Escort Service Udaipur,67,0.037733377941600664,n/a,1,200,0.449,0,0,1,1,0,Self-canonical,1,23,15,4,0,-,-,11,246,4,"terms of service for escort service udaipur explain adult-only use, booking responsibilities, privacy expectations and website rules.",
https://www.escortserviceudaipur.com/,,-,0.0,n/a,0,307,0.01,0,0,0,0,0,-,0,0,1,0,0,-,-,0,0,0,-,
